month,vehicle_id,recorded_km,recorded_operating_hours,month_end_exercise_odometer_km,repair_count,repair_cost_sgd,scheduled_service_count,scheduled_service_cost_sgd,additional_preventive_visits,additional_preventive_cost_sgd,repair_unavailable_hours,scheduled_maintenance_unavailable_hours
2024-10,NW-V001,1480,98.6,318300,0,0,2,330,0,0,0,3.5
2024-10,NW-V002,980,65.9,411780,0,0,2,330,1,115,0,5.5
2024-10,NW-V005,1520,91.9,375210,0,0,2,420,0,0,0,4.5
2024-10,NW-V009,2170,123.6,644420,0,0,3,630,1,125,0,6.25
2024-10,NW-V020,1880,107.6,561860,0,0,3,630,0,0,0,6.5
2024-10,NW-V039,1090,69.6,267750,0,0,2,330,0,0,0,3.25
2024-10,NW-V050,940,65.8,364950,0,0,2,330,0,0,0,5.0
2024-10,NW-V140,860,63.0,146040,0,0,2,330,0,0,0,4.25
2024-11,NW-V001,1420,93.6,319720,1,470,3,495,0,0,5.04,6.25
2024-11,NW-V002,800,56.6,412580,0,0,2,330,0,0,0,4.75
2024-11,NW-V005,1590,99.5,376800,1,180,3,630,1,125,3.4,6.0
2024-11,NW-V009,2220,123.8,646640,1,240,4,840,1,125,3.03,8.5
2024-11,NW-V020,1910,102.8,563770,1,310,3,630,0,0,4.69,4.75
2024-11,NW-V039,1320,88.5,269070,1,650,2,330,0,0,4.44,4.25
2024-11,NW-V050,770,55.0,365720,0,0,2,330,0,0,0,3.5
2024-11,NW-V140,780,53.0,146820,0,0,2,330,0,0,0,4.75
2024-12,NW-V001,1470,96.4,321190,0,0,2,330,0,0,0,4.0
2024-12,NW-V002,840,55.8,413420,1,650,2,330,1,115,5.44,4.0
2024-12,NW-V005,1500,95.3,378300,0,0,3,630,0,0,0,5.5
2024-12,NW-V009,2280,119.5,648920,0,0,4,840,1,125,0,9.25
2024-12,NW-V020,1780,94.7,565550,1,180,3,630,1,125,4.4,6.75
2024-12,NW-V039,1220,80.8,270290,0,0,2,330,0,0,0,3.75
2024-12,NW-V050,800,55.4,366520,1,240,2,330,1,115,5.53,5.5
2024-12,NW-V140,690,48.8,147510,0,0,2,330,0,0,0,4.25
2025-01,NW-V001,1300,82.9,322490,0,0,2,330,0,0,0,3.5
2025-01,NW-V002,1000,64.6,414420,0,0,2,330,0,0,0,4.25
2025-01,NW-V005,1540,96.2,379840,1,390,2,420,0,0,5.87,3.0
2025-01,NW-V009,2100,112.8,651020,0,0,4,840,1,125,0,8.0
2025-01,NW-V020,2060,116.2,567610,0,0,4,840,0,0,0,8.75
2025-01,NW-V039,1270,82.6,271560,0,0,2,330,1,115,0,5.25
2025-01,NW-V050,930,63.4,367450,0,0,2,330,0,0,0,4.25
2025-01,NW-V140,850,62.4,148360,0,0,2,330,0,0,0,5.0
2025-02,NW-V001,1370,85.1,323860,1,125,3,495,1,115,4.28,7.25
2025-02,NW-V002,1100,74.1,415520,0,0,2,330,1,115,0,5.0
2025-02,NW-V005,1470,89.7,381310,0,0,3,630,0,0,0,5.25
2025-02,NW-V009,2410,126.5,653430,0,0,4,840,2,250,0,8.75
2025-02,NW-V020,1770,101.5,569380,1,310,3,630,0,0,3.69,5.75
2025-02,NW-V039,1320,83.4,272880,0,0,3,495,0,0,0,7.5
2025-02,NW-V050,920,64.0,368370,0,0,2,330,0,0,0,3.5
2025-02,NW-V140,680,46.6,149040,1,850,2,330,0,0,6.89,4.25
2025-03,NW-V001,1520,93.6,325380,0,0,2,330,0,0,0,3.0
2025-03,NW-V002,820,58.0,416340,1,125,3,495,0,0,4.28,5.25
2025-03,NW-V005,1700,106.4,383010,1,470,3,630,0,0,3.54,5.75
2025-03,NW-V009,2180,117.8,655610,0,0,4,840,1,125,0,10.0
2025-03,NW-V020,1840,104.4,571220,1,390,3,630,1,125,3.87,6.75
2025-03,NW-V039,1270,81.6,274150,1,310,2,330,0,0,3.19,3.75
2025-03,NW-V050,820,56.0,369190,0,0,3,495,0,0,0,6.0
2025-03,NW-V140,750,52.9,149790,0,0,3,495,1,115,0,6.0
2025-04,NW-V001,1470,92.3,326850,0,0,3,495,0,0,0,5.75
2025-04,NW-V002,820,55.5,417160,0,0,2,330,1,115,0,4.75
2025-04,NW-V005,1470,94.8,384480,1,125,2,420,1,125,3.28,5.25
2025-04,NW-V009,2230,121.5,657840,1,470,4,840,1,125,6.04,10.0
2025-04,NW-V020,1980,111.5,573200,0,0,4,840,0,0,0,7.25
2025-04,NW-V039,1060,67.8,275210,0,0,2,330,0,0,0,3.75
2025-04,NW-V050,1020,67.5,370210,0,0,2,330,0,0,0,4.25
2025-04,NW-V140,810,59.3,150600,0,0,2,330,0,0,0,4.5
2025-05,NW-V001,1320,82.1,328170,0,0,2,330,0,0,0,4.25
2025-05,NW-V002,860,55.2,418020,0,0,2,330,0,0,0,4.5
2025-05,NW-V005,1400,86.9,385880,0,0,3,630,0,0,0,7.0
2025-05,NW-V009,2230,123.8,660070,0,0,4,840,1,125,0,8.5
2025-05,NW-V020,1870,100.7,575070,1,650,3,630,0,0,5.44,6.0
2025-05,NW-V039,1310,87.7,276520,1,125,2,330,0,0,4.28,4.75
2025-05,NW-V050,760,54.7,370970,1,650,2,330,0,0,6.44,3.5
2025-05,NW-V140,730,53.8,151330,0,0,2,330,0,0,0,4.25
2025-06,NW-V001,1550,99.8,329720,1,2800,3,495,0,0,18,6.5
2025-06,NW-V002,860,57.7,418880,0,0,2,330,1,115,0,4.25
2025-06,NW-V005,1400,85.8,387280,1,470,2,420,0,0,5.04,4.0
2025-06,NW-V009,2280,124.8,662350,0,0,4,840,1,125,0,9.0
2025-06,NW-V020,1880,102.8,576950,1,310,3,630,0,0,3.19,6.0
2025-06,NW-V039,1110,74.6,277630,0,0,2,330,1,115,0,5.25
2025-06,NW-V050,930,63.0,371900,0,0,2,330,1,115,0,6.0
2025-06,NW-V140,880,63.7,152210,0,0,2,330,0,0,0,3.5
2025-07,NW-V001,1480,90.2,331200,0,0,2,330,1,115,0,4.75
2025-07,NW-V002,790,52.2,419670,1,180,2,330,0,0,3.4,4.0
2025-07,NW-V005,1580,96.4,388860,0,0,3,630,0,0,0,6.25
2025-07,NW-V009,2360,125.5,664710,0,0,5,1050,1,125,0,10.75
2025-07,NW-V020,1970,110.9,578920,0,0,4,840,1,125,0,8.0
2025-07,NW-V039,1160,71.7,278790,0,0,3,495,0,0,0,7.5
2025-07,NW-V050,880,58.5,372780,0,0,2,330,0,0,0,3.75
2025-07,NW-V140,640,43.8,152850,0,0,2,330,0,0,0,4.0
2025-08,NW-V001,1430,94.3,332630,1,650,3,495,0,0,4.44,4.75
2025-08,NW-V002,980,63.6,420650,0,0,2,330,1,115,0,5.75
2025-08,NW-V005,1750,109.9,390610,1,125,3,630,0,0,5.28,6.25
2025-08,NW-V009,2220,119.6,666930,0,0,3,630,2,250,0,7.0
2025-08,NW-V020,2210,120.8,581130,1,240,4,840,0,0,3.03,8.0
2025-08,NW-V039,1260,78.3,280050,1,240,2,330,0,0,4.53,4.0
2025-08,NW-V050,1000,70.7,373780,0,0,2,330,0,0,0,3.75
2025-08,NW-V140,880,62.9,153730,0,0,2,330,0,0,0,3.25
2025-09,NW-V001,1560,94.7,334190,0,0,3,495,0,0,0,5.5
2025-09,NW-V002,810,52.2,421460,0,0,3,495,0,0,0,6.25
2025-09,NW-V005,1620,97.1,392230,0,0,3,630,1,125,0,7.0
2025-09,NW-V009,2340,127.7,669270,0,0,5,1050,1,125,0,11.25
2025-09,NW-V020,2050,117.3,583180,1,310,3,630,0,0,3.19,6.75
2025-09,NW-V039,1270,82.5,281320,0,0,2,330,0,0,0,4.25
2025-09,NW-V050,990,72.2,374770,1,390,3,495,0,0,3.87,5.75
2025-09,NW-V140,840,59.1,154570,0,0,3,495,1,115,0,5.75
2025-10,NW-V001,1340,88.8,335530,1,420,2,330,0,0,4.93,3.25
2025-10,NW-V002,950,64.3,422410,0,0,2,330,1,115,0,5.0
2025-10,NW-V005,1780,107.0,394010,1,700,3,630,0,0,4.06,7.25
2025-10,NW-V009,2390,125.8,671660,0,0,4,840,1,125,0,8.25
2025-10,NW-V020,2150,123.0,585330,1,260,4,840,0,0,4.58,9.75
2025-10,NW-V039,1320,87.3,282640,0,0,2,330,0,0,0,3.75
2025-10,NW-V050,760,51.9,375530,0,0,2,330,0,0,0,3.5
2025-10,NW-V140,600,41.1,155170,0,0,2,330,0,0,0,3.25
2025-11,NW-V001,1440,92.0,336970,0,0,2,330,0,0,0,4.5
2025-11,NW-V002,790,52.9,423200,1,195,2,330,0,0,5.43,4.0
2025-11,NW-V005,1990,124.5,396000,1,195,3,630,0,0,3.43,5.75
2025-11,NW-V009,2130,113.0,673790,0,0,4,840,1,125,0,7.75
2025-11,NW-V020,2400,133.5,587730,2,390,5,1050,0,0,10.87,9.75
2025-11,NW-V039,1160,71.5,283800,1,700,2,330,1,115,4.06,6.0
2025-11,NW-V050,800,58.2,376330,0,0,2,330,0,0,0,3.75
2025-11,NW-V140,840,58.0,156010,0,0,2,330,0,0,0,3.25
2025-12,NW-V001,1420,89.9,338390,0,0,3,495,1,115,0,6.0
2025-12,NW-V002,780,53.0,423980,0,0,2,330,1,115,0,4.25
2025-12,NW-V005,2120,130.4,398120,1,920,4,840,0,0,6.04,8.75
2025-12,NW-V009,2170,115.3,675960,0,0,4,840,1,125,0,10.0
2025-12,NW-V020,2370,135.2,590100,0,0,4,840,1,125,0,8.25
2025-12,NW-V039,1240,78.8,285040,0,0,3,495,0,0,0,5.0
2025-12,NW-V050,1030,71.4,377360,1,260,2,330,1,115,5.58,4.25
2025-12,NW-V140,900,60.6,156910,1,510,2,330,0,0,4.13,4.75
2026-01,NW-V001,1400,89.0,339790,1,420,2,330,0,0,5.93,4.25
2026-01,NW-V002,1020,67.3,425000,0,0,2,330,0,0,0,4.0
2026-01,NW-V005,2190,136.7,400310,0,0,4,840,1,125,0,9.5
2026-01,NW-V009,2320,130.7,678280,2,1255,4,840,1,125,8.79,9.25
2026-01,NW-V020,2510,137.8,592610,1,510,4,840,0,0,6.13,8.5
2026-01,NW-V039,1270,86.3,286310,1,135,2,330,0,0,2.8,4.75
2026-01,NW-V050,770,55.2,378130,0,0,2,330,0,0,0,4.25
2026-01,NW-V140,780,53.6,157690,0,0,2,330,0,0,0,3.75
2026-02,NW-V001,1440,90.8,341230,0,0,3,495,0,0,0,6.25
2026-02,NW-V002,780,53.4,425780,0,0,2,330,1,115,0,5.0
2026-02,NW-V005,2200,136.2,402510,2,925,4,840,0,0,12.06,8.0
2026-02,NW-V009,2330,127.9,680610,0,0,4,840,2,250,0,11.5
2026-02,NW-V020,2390,134.6,595000,2,580,5,1050,0,0,11.29,9.75
2026-02,NW-V039,1480,92.1,287790,1,135,2,330,0,0,2.8,4.25
2026-02,NW-V050,840,57.7,378970,0,0,2,330,0,0,0,3.25
2026-02,NW-V140,720,49.9,158410,0,0,2,330,0,0,0,4.0
2026-03,NW-V001,1310,85.5,342540,1,920,2,330,0,0,6.04,3.5
2026-03,NW-V002,1010,71.6,426790,0,0,3,495,0,0,0,6.25
2026-03,NW-V005,2140,140.2,404650,1,135,4,840,0,0,4.3,7.0
2026-03,NW-V009,2370,133.5,682980,0,0,4,840,1,125,0,8.5
2026-03,NW-V020,2530,142.6,597530,2,390,4,840,0,0,8.87,8.25
2026-03,NW-V039,1260,81.1,289050,0,0,2,330,0,0,0,3.25
2026-03,NW-V050,1050,74.0,380020,0,0,3,495,0,0,0,6.75
2026-03,NW-V140,760,52.2,159170,1,420,3,495,1,115,5.93,5.5
2026-04,NW-V001,1380,86.0,343920,0,0,2,330,0,0,0,3.5
2026-04,NW-V002,840,54.0,427630,1,335,2,330,1,115,4.74,4.25
2026-04,NW-V005,2180,142.8,406830,2,1200,4,840,0,0,10.67,8.5
2026-04,NW-V009,2500,138.2,685480,0,0,4,840,1,125,0,8.75
2026-04,NW-V020,2210,124.7,599740,3,1845,4,840,0,0,19.1,7.75
2026-04,NW-V039,1340,85.1,290390,1,135,3,495,1,115,2.8,7.0
2026-04,NW-V050,1000,68.0,381020,0,0,2,330,0,0,0,3.75
2026-04,NW-V140,850,62.1,160020,0,0,2,330,0,0,0,4.0
2026-05,NW-V001,1590,105.7,345510,0,0,3,495,1,115,0,7.75
2026-05,NW-V002,810,54.0,428440,0,0,2,330,0,0,0,4.0
2026-05,NW-V005,2160,139.9,408990,1,335,3,630,1,125,5.74,7.75
2026-05,NW-V009,2550,143.5,688030,0,0,5,1050,1,125,0,11.5
2026-05,NW-V020,2380,132.4,602120,1,460,4,840,0,0,3.5,7.5
2026-05,NW-V039,1420,91.1,291810,0,0,2,330,0,0,0,3.5
2026-05,NW-V050,820,54.6,381840,0,0,2,330,0,0,0,3.75
2026-05,NW-V140,600,41.3,160620,1,1250,2,330,0,0,5.78,4.25
2026-06,NW-V001,1360,89.8,346870,1,260,2,330,0,0,3.58,4.0
2026-06,NW-V002,770,51.9,429210,0,0,2,330,1,115,0,5.5
2026-06,NW-V005,2110,128.5,411100,1,230,4,840,0,0,1.5,8.25
2026-06,NW-V009,2340,126.6,690370,0,0,4,840,1,125,0,9.25
2026-06,NW-V020,2500,134.7,604620,2,1835,5,1050,0,0,9.08,10.75
2026-06,NW-V039,1260,78.3,293070,1,260,2,330,0,0,3.58,4.75
2026-06,NW-V050,1100,72.1,382940,1,335,2,330,1,115,3.24,5.5
2026-06,NW-V140,870,60.4,161490,0,0,2,330,0,0,0,4.25
2026-07,NW-V001,1320,87.8,348190,0,0,3,495,0,0,0,6.75
2026-07,NW-V002,800,56.1,430010,1,700,2,330,0,0,6.56,4.0
2026-07,NW-V005,2230,136.5,413330,2,1405,4,840,0,0,13.12,8.25
2026-07,NW-V009,2550,134.1,692920,0,0,4,840,1,125,0,8.25
2026-07,NW-V020,2500,142.4,607120,1,195,4,840,0,0,5.43,8.25
2026-07,NW-V039,1400,87.1,294470,0,0,3,495,0,0,0,5.5
2026-07,NW-V050,930,62.7,383870,0,0,2,330,0,0,0,4.0
2026-07,NW-V140,850,60.0,162340,0,0,2,330,0,0,0,3.75
2026-08,NW-V001,1360,89.7,349550,0,0,2,330,0,0,0,4.0
2026-08,NW-V002,940,63.5,430950,0,0,3,495,1,115,0,6.5
2026-08,NW-V005,2330,151.1,415660,1,420,4,840,0,0,4.93,7.75
2026-08,NW-V009,2470,133.4,695390,0,0,5,1050,2,250,0,10.75
2026-08,NW-V020,2310,131.3,609430,1,495,4,840,0,0,3.5,7.75
2026-08,NW-V039,1240,79.9,295710,1,195,2,330,1,115,3.43,5.5
2026-08,NW-V050,1080,77.8,384950,0,0,3,495,0,0,0,6.75
2026-08,NW-V140,780,58.0,163120,1,920,3,495,0,0,7.04,5.75
2026-09,NW-V001,1390,88.5,350940,1,510,3,495,0,0,3.63,5.0
2026-09,NW-V002,1010,68.5,431960,0,0,2,330,0,0,0,4.75
2026-09,NW-V005,2260,140.8,417920,1,510,4,840,1,125,4.13,9.0
2026-09,NW-V009,2510,138.0,697900,0,0,4,840,1,125,0,8.0
2026-09,NW-V020,2520,138.9,611950,2,620,5,1050,0,0,11.38,12.25
2026-09,NW-V039,1230,83.3,296940,1,55,2,330,0,0,0.75,3.5
2026-09,NW-V050,1020,68.3,385970,0,0,2,330,0,0,0,3.0
2026-09,NW-V140,860,58.4,163980,0,0,2,330,1,115,0,5.75
