period_start,period_end,vehicle_id,repair_count,repair_cost_sgd
2024-10-01,2025-09-30,NW-V001,4,4045
2024-10-01,2025-09-30,NW-V002,3,955
2024-10-01,2025-09-30,NW-V005,6,1760
2024-10-01,2025-09-30,NW-V009,2,710
2024-10-01,2025-09-30,NW-V020,8,2700
2024-10-01,2025-09-30,NW-V039,4,1325
2024-10-01,2025-09-30,NW-V050,3,1280
2024-10-01,2025-09-30,NW-V140,1,850
2025-10-01,2026-09-30,NW-V001,5,2530
2025-10-01,2026-09-30,NW-V002,3,1230
2025-10-01,2026-09-30,NW-V005,14,6975
2025-10-01,2026-09-30,NW-V009,2,1255
2025-10-01,2026-09-30,NW-V020,18,7580
2025-10-01,2026-09-30,NW-V039,7,1615
2025-10-01,2026-09-30,NW-V050,2,595
2025-10-01,2026-09-30,NW-V140,4,3100
