observation_id,observed_on,vehicle_id,component,exercise_odometer_km,previous_component_attention_on,previous_component_attention_odometer_km,previous_observation_id,km_since_component_attention,condenser_obstruction_before_pct,condenser_obstruction_after_pct,observed_condition,action_taken,work_category,charge_sgd,unavailable_hours
MH-OBS04,2026-02-10,NW-V009,Cooling condenser,679116,2026-01-13,676935,,2181,10,0,Light debris; cooling output within workshop check,Cleaned condenser during additional component visit,additional_preventive,125,1.0
MH-OBS10,2026-02-11,NW-V002,Cooling condenser,425308,2025-12-12,423505,,1803,15,5,Light local debris; cooling output within workshop check,Cleaned condenser during additional component visit,additional_preventive,115,1.0
MH-OBS01,2026-02-12,NW-V020,Cooling condenser,593640,2025-12-05,588115,,5525,25,5,Debris covers part of condenser face; cooling output below workshop check,Cleaned condenser face and checked cooling output,repair,410,3.0
MH-OBS07,2026-02-17,NW-V005,Door actuation,401652,2025-12-10,396690,,4962,,,Door runners dirty; slow closure during workshop test,Cleaned runners and adjusted door movement,repair,295,2.0
MH-OBS05,2026-03-10,NW-V009,Cooling condenser,681380,2026-02-10,679116,MH-OBS04,2264,10,5,Light debris; no cooling defect reproduced,Cleaned condenser during additional component visit,additional_preventive,125,1.0
MH-OBS06,2026-04-09,NW-V009,Cooling condenser,683736,2026-03-10,681380,MH-OBS05,2356,15,5,Uneven debris on lower face; cooling output within workshop check,Cleaned condenser during additional component visit,additional_preventive,125,1.0
MH-OBS11,2026-04-15,NW-V002,Cooling condenser,427210,2026-02-11,425308,MH-OBS10,1902,10,0,Light debris; no cooling defect reproduced,Cleaned condenser during additional component visit,additional_preventive,115,1.0
MH-OBS08,2026-04-21,NW-V005,Door actuation,406182,2026-02-17,401652,MH-OBS07,4530,,,Door runners dirty; one roller worn,Cleaned runners and replaced worn roller,repair,570,4.0
MH-OBS02,2026-05-14,NW-V020,Cooling condenser,600818,2026-02-12,593640,MH-OBS01,7178,35,0,Debris across lower condenser face; reduced cooling output,Cleaned condenser face and checked cooling output,repair,460,3.5
MH-OBS12,2026-06-10,NW-V002,Cooling condenser,428700,2026-04-15,427210,MH-OBS11,1490,10,5,Light debris; cooling output within workshop check,Cleaned condenser during additional component visit,additional_preventive,115,1.0
MH-OBS09,2026-06-16,NW-V005,Door actuation,410120,2026-04-21,406182,MH-OBS08,3938,,,Runners clear; intermittent door-position connector contact,Reseated connector and repeated interlock checks,repair,230,1.5
MH-OBS03,2026-08-13,NW-V020,Cooling condenser,608095,2026-05-14,600818,MH-OBS02,7277,30,10,Condenser fins obstructed in patches; fan runs during check,Cleaned condenser face and checked cooling output,repair,495,3.5
